Temperatura absoluta (K);k (constante de rapidez) 
282.15;0.000550945707370906
290.15;0.00107263766036813
293.15;0.00131747886545217
301.15;0.00195496863905805
308.15;0.00336689043393331
