Concentracion;Señal
0.0000046;0.27172
0.0000091;0.49287
0.0000137;0.72537
0.0000182;0.95306
0.0000228;11.799
